Data;433 - Índice nacional de preços ao consumidor-amplo (IPCA) - Var. % mensal;3696 - Taxa de câmbio - Livre - Dólar americano (venda) - Fim de período - mensal - u.m.c./US$;4390 - Taxa de juros - Selic acumulada no mês - % a.m.;Índice Geral de Preços - IGP-M(200045);IGP-M - Fechamento mensal (%)(1000367);INCC-M - Fechamento mensal (%)(1000370);IPA-M - Fechamento mensal (% mês)  (1478707);IPAEP-M Ipa - todos os itens - Nro. Índice(1473921);IPC/BR-M - Fechamento Mensal - % (POF 2017/2018). Vigência a partir de 01/2020(1448925)
06/1989;28.65;1.519;27.29;3.08619e-05;19.68;;;;24.65
07/1989;27.74;2.166;33.15;4.19429e-05;35.9;;;;29.4
08/1989;33.71;2.802;35.49;5.74266e-05;36.92;;;;32.51
09/1989;37.56;3.797;38.58;8.03499e-05;39.92;;;;34.43
10/1989;39.77;5.225;47.7;0.0001130011;40.64;;;;38.19
11/1989;47.82;7.368;48.41;0.0001587459;40.48;;;;42.01
12/1989;51.5;11.358;64.21;0.0002335659;47.13;;;;49.75
01/1990;67.55;17.731;67.6;0.0003771157;61.46;;;;62.46
02/1990;75.73;30.636;82.04;0.0006836555;81.29;;;;74.71
03/1990;82.39;42.56;36.76;0.001257552;83.95;;;;83.33
04/1990;15.52;51.243;4.23;0.001614069;28.35;;;;34.47
05/1990;7.59;55.219;5.69;0.001709725;5.93;;;;9.41
06/1990;11.75;61.022;8.73;0.00187962;9.94;;;;12.5
07/1990;12.92;68.99;13.79;0.002105394;12.01;;;;15.62
08/1990;12.88;71.674;11.53;0.002392147;13.62;;;;13.62
09/1990;14.41;84.223;15.21;0.0026984;12.8;;;;12.78
10/1990;14.36;106.95;16.49;0.003048369;12.97;;;;13.39
11/1990;16.81;144.71;19.83;0.003562291;16.86;;;;16.35
12/1990;18.44;170.06;22.86;0.004203477;18.0;;;;19.05
01/1991;20.75;220.14;21.02;0.004947516;17.7;;;;18.68
02/1991;20.72;223.43;6.85;0.005987394;21.02;;;;23.38
03/1991;11.92;238.93;8.99;0.006537412;9.19;;;;9.97
04/1991;4.99;260.73;9.67;0.007047761;7.81;;;;8.15
05/1991;7.43;284.7;9.56;0.007575021;7.48;;;;7.35
06/1991;11.19;312.22;10.32;0.008217406;8.48;;;;9.62
07/1991;12.41;346.57;12.39;0.009303743;13.22;;;;12.17
08/1991;15.63;393.76;15.75;0.0107227;15.25;;;;14.83
09/1991;15.63;464.93;19.78;0.0123231;14.93;;;;16.1
10/1991;20.23;645.02;25.95;0.0151122;22.63;;;;20.6
11/1991;25.21;840.4;32.43;0.0189843;25.62;;;;27.42
12/1991;23.71;;31.17;0.0234711;23.63;;;;23.98
01/1992;25.94;;29.06;0.0290001;23.56;;;;25.09
02/1992;24.32;;28.76;0.0370788;27.86;;;;26.93
03/1992;21.4;;26.86;0.0450114;21.39;;;;21.09
04/1992;19.93;;23.92;0.0539861;19.94;;;;20.58
05/1992;24.86;;23.0;0.0650128;20.43;;;;21.87
06/1992;20.21;;24.28;0.0803615;23.61;;;;23.27
07/1992;21.83;;26.21;0.0979085;21.84;;;;21.01
08/1992;22.14;;25.65;0.122022;24.63;;;;23.14
09/1992;24.63;;27.66;0.152858;25.27;;;;25.52
10/1992;25.24;;28.18;0.193765;26.76;;;;26.58
11/1992;22.49;;26.4;0.239162;23.43;;;;23.88
12/1992;25.24;;25.92;0.299133;25.08;;;;23.88
01/1993;30.35;;28.52;0.376399;25.83;;;;28.43
02/1993;24.98;;28.9;0.483339;28.42;;;;28.94
03/1993;27.26;;28.36;0.610231;26.25;;;;25.63
04/1993;27.75;;30.53;0.786181;28.83;;;;29.53
05/1993;27.69;;30.9;1.01968;29.7;;;;29.81
06/1993;30.07;;31.91;1.34083;31.49;;;;32.47
07/1993;30.72;;32.73;1.75986;31.25;;;;31.55
08/1993;32.96;94.652;34.64;2.31924;31.79;;;;32.59
09/1993;35.69;128.07;37.23;3.13751;35.28;;;;34.69
10/1993;33.92;174.0;38.4;4.2368;35.04;;;;34.71
11/1993;35.56;235.98;38.38;5.76854;36.15;;;;36.09
12/1993;36.84;326.105;40.38;7.97925;38.32;;;;38.5
01/1994;41.31;458.66;42.76;11.0968;39.07;;;;40.9
02/1994;40.27;637.45;41.99;15.6219;40.78;;;;41.13
03/1994;42.75;913.345;46.42;22.7628;45.71;;;;44.22
04/1994;42.68;;46.49;32.0749;40.91;;;;43.73
05/1994;44.03;;47.95;45.7316;42.58;;;;44.02
06/1994;47.43;;50.62;66.4082;45.21;;;;48.2
07/1994;6.84;0.94;6.87;92.9684;40.0;;;;44.52
08/1994;1.86;0.889;4.17;100.0;7.56;;;;8.16
09/1994;1.53;0.853;3.83;101.751;1.75;;1.94;101.937;1.86
10/1994;2.62;0.846;3.62;103.602;1.82;;1.98;103.951;1.81
11/1994;2.81;0.845;4.07;106.553;2.85;;2.76;106.819;3.49
12/1994;1.71;0.846;3.8;107.45;0.84;;0.22;107.052;1.57
01/1995;1.7;0.842;3.37;108.442;0.92;;0.51;107.599;1.59
02/1995;1.02;0.8515;3.25;109.945;1.39;;0.88;108.542;1.68
03/1995;1.55;0.896;4.26;111.178;1.12;;0.12;108.673;2.63
04/1995;2.43;0.913;4.26;113.518;2.1;;1.61;110.428;2.82
05/1995;2.67;0.906;4.25;114.171;0.58;;-0.73;109.627;2.39
06/1995;2.26;0.922;4.04;116.984;2.46;;0.56;110.245;3.64
07/1995;2.36;0.936;4.02;119.114;1.82;;0.9;111.24;3.12
08/1995;0.99;0.951;3.84;121.729;2.2;;2.86;114.422;1.49
09/1995;0.99;0.954;3.32;120.869;-0.71;;-1.58;112.612;0.41
10/1995;1.41;0.9619;3.09;121.503;0.52;;0.33;112.98;0.8
11/1995;1.47;0.9666;2.88;122.955;1.2;;1.41;114.577;0.97
12/1995;1.56;0.9725;2.78;123.833;0.71;;0.2;114.811;1.46
01/1996;1.34;0.9786;2.58;125.977;1.73;;1.49;116.525;2.49
02/1996;1.03;0.9842;2.35;127.202;0.97;;0.48;117.081;1.67
03/1996;0.35;0.988;2.22;127.715;0.4;;0.13;117.228;0.93
04/1996;1.26;0.9925;2.07;128.13;0.32;;-0.05;117.174;0.75
05/1996;1.22;0.9984;2.01;130.121;1.55;;1.42;118.832;2.11
06/1996;1.19;1.0044;1.98;131.445;1.02;;0.41;119.318;1.67
07/1996;1.11;1.0112;1.93;133.213;1.35;1.52;1.59;121.217;0.9
08/1996;0.44;1.0169;1.97;133.587;0.28;0.74;0.22;121.488;0.22
09/1996;0.15;1.0215;1.9;133.722;0.1;0.15;0.35;121.911;-0.31
10/1996;0.3;1.0276;1.86;133.978;0.19;0.23;0.37;122.361;-0.11
11/1996;0.32;1.0332;1.8;134.242;0.2;0.29;0.02;122.384;0.46
12/1996;0.47;1.0394;1.8;135.225;0.73;0.49;1.23;123.89;0.01
01/1997;1.18;1.0461;1.73;137.613;1.77;0.68;1.93;126.281;1.86
02/1997;0.5;1.0515;1.67;138.204;0.43;0.31;0.27;126.621;0.73
03/1997;0.51;1.0593;1.64;139.795;1.15;0.42;1.62;128.671;0.63
04/1997;0.88;1.0638;1.66;140.742;0.68;0.73;0.61;129.457;0.77
05/1997;0.41;1.0717;1.58;141.04;0.21;0.3;0.2;129.71;0.21
06/1997;0.54;1.0769;1.61;142.09;0.74;1.0;0.32;130.122;1.36
07/1997;0.22;1.0834;1.6;142.221;0.09;0.94;-0.28;129.752;0.42
08/1997;-0.02;1.0916;1.59;142.353;0.09;0.55;0.09;129.869;-0.05
09/1997;0.06;1.0964;1.59;143.042;0.48;1.18;0.73;130.823;-0.15
10/1997;0.23;1.1031;1.67;143.567;0.37;0.22;0.44;131.396;0.3
11/1997;0.17;1.1098;3.04;144.481;0.64;0.22;0.91;132.596;0.33
12/1997;0.43;1.1164;2.97;145.695;0.84;0.52;0.97;133.888;0.73
01/1998;0.71;1.1237;2.67;147.091;0.96;0.29;0.99;135.215;1.12
02/1998;0.46;1.1304;2.13;147.356;0.18;0.48;-0.05;135.146;0.46
03/1998;0.34;1.1374;2.2;147.635;0.19;0.31;0.12;135.311;0.26
04/1998;0.24;1.1443;1.71;147.821;0.13;-0.46;0.2;135.584;0.2
05/1998;0.5;1.1505;1.63;148.021;0.14;0.47;-0.01;135.571;0.26
06/1998;0.02;1.1569;1.6;148.588;0.38;0.86;0.38;136.087;0.23
07/1998;-0.12;1.1634;1.7;148.339;-0.17;0.42;-0.34;135.63;-0.09
08/1998;-0.51;1.1769;1.48;148.109;-0.16;0.29;-0.06;135.546;-0.45
09/1998;-0.22;1.1856;2.49;147.984;-0.08;0.09;0.07;135.643;-0.4
10/1998;0.02;1.1932;2.94;148.1;0.08;0.05;0.09;135.76;0.08
11/1998;-0.12;1.2012;2.63;147.628;-0.32;-0.07;-0.52;135.052;-0.07
12/1998;0.33;1.2087;2.4;148.291;0.45;-0.01;0.94;136.32;-0.19
01/1999;0.7;1.9832;2.18;149.533;0.84;0.21;1.05;137.748;0.7
02/1999;1.05;2.0648;2.38;154.933;3.61;0.62;5.82;145.765;0.97
03/1999;1.1;1.722;3.33;159.325;2.83;0.91;4.16;151.824;1.19
04/1999;0.56;1.6607;2.35;160.459;0.71;0.58;0.76;152.974;0.67
05/1999;0.3;1.724;2.02;159.996;-0.29;0.38;-0.7;151.904;0.22
06/1999;0.19;1.7695;1.67;160.573;0.36;0.88;0.33;152.404;0.24
07/1999;1.09;1.7892;1.66;163.06;1.55;0.41;2.01;155.463;1.12
08/1999;0.56;1.9159;1.57;165.603;1.56;0.52;2.24;158.94;0.7
09/1999;0.31;1.9223;1.49;167.997;1.45;0.83;2.16;162.368;0.37
10/1999;1.19;1.953;1.38;170.861;1.7;0.79;2.5;166.428;0.55
11/1999;0.95;1.9227;1.39;174.939;2.39;1.22;3.26;171.846;1.15
12/1999;0.6;1.789;1.6;178.099;1.81;0.81;2.6;176.313;0.62
01/2000;0.62;1.8024;1.46;180.301;1.24;1.15;1.29;178.582;1.17
02/2000;0.13;1.7685;1.45;180.935;0.35;0.89;0.41;179.316;0.05
03/2000;0.22;1.7473;1.45;181.214;0.15;0.82;-0.06;179.215;0.34
04/2000;0.42;1.8067;1.3;181.635;0.23;0.69;0.04;179.293;0.45
05/2000;0.01;1.8266;1.49;182.189;0.31;0.57;0.2;179.644;0.43
06/2000;0.23;1.8;1.39;183.745;0.85;1.09;1.25;181.89;0.0
07/2000;1.61;1.7748;1.31;186.634;1.57;0.83;1.98;185.494;1.02
08/2000;1.31;1.8234;1.41;191.087;2.39;0.35;3.1;191.25;1.66
09/2000;0.23;1.8437;1.22;193.297;1.16;0.3;1.81;194.706;0.14
10/2000;0.14;1.909;1.29;194.04;0.38;0.28;0.59;195.855;0.0
11/2000;0.32;1.9596;1.22;194.599;0.29;0.29;0.36;196.556;0.14
12/2000;0.59;1.9554;1.2;195.827;0.63;0.49;0.66;197.859;0.61
01/2001;0.57;1.9711;1.27;197.045;0.62;0.4;0.66;199.167;0.62
02/2001;0.46;2.0452;1.02;197.491;0.23;0.55;0.08;199.321;0.42
03/2001;0.38;2.1616;1.26;198.606;0.56;0.34;0.65;200.609;0.47
04/2001;0.58;2.1847;1.19;200.591;1.0;0.28;1.24;203.102;0.74
05/2001;0.41;2.36;1.34;202.324;0.86;2.0;0.79;204.706;0.63
06/2001;0.52;2.3049;1.27;204.31;0.98;0.69;1.31;207.386;0.4
07/2001;1.33;2.4313;1.5;207.341;1.48;1.07;1.73;210.981;1.1
08/2001;0.7;2.5517;1.6;210.211;1.38;0.56;1.75;214.673;0.9
09/2001;0.28;2.6713;1.32;210.853;0.31;0.59;0.34;215.406;0.13
10/2001;0.83;2.7071;1.53;213.339;1.18;0.92;1.53;218.705;0.52
11/2001;0.71;2.5287;1.39;215.685;1.1;0.6;1.3;221.544;0.85
12/2001;0.65;2.3204;1.39;216.163;0.22;0.7;-0.08;221.371;0.7
01/2002;0.52;2.4183;1.53;216.944;0.36;0.4;0.14;221.687;0.82
02/2002;0.36;2.3482;1.25;217.074;0.06;0.31;-0.09;221.485;0.29
03/2002;0.6;2.3236;1.37;217.276;0.09;0.84;-0.14;221.177;0.33
04/2002;0.8;2.3625;1.48;218.486;0.56;0.32;0.52;222.319;0.72
05/2002;0.21;2.522;1.41;220.292;0.83;2.47;0.81;224.12;0.3
06/2002;0.42;2.8444;1.33;223.688;1.54;0.21;2.31;229.292;0.39
07/2002;1.19;3.4285;1.54;228.057;1.95;0.63;2.66;235.38;0.9
08/2002;0.65;3.0223;1.44;233.348;2.32;0.82;3.2;242.915;0.91
09/2002;0.72;3.8949;1.38;238.943;2.4;0.68;3.43;251.255;0.67
10/2002;1.31;3.645;1.65;248.199;3.87;0.82;5.62;265.383;0.91
11/2002;3.02;3.6365;1.54;261.08;5.19;2.19;6.73;283.248;2.51
12/2002;2.1;3.5333;1.74;270.867;3.75;2.13;4.45;295.849;2.55
01/2003;2.25;3.5258;1.97;277.173;2.33;1.45;2.55;303.402;2.06
02/2003;1.57;3.5632;1.83;283.506;2.28;1.6;2.64;311.401;1.62
03/2003;1.23;3.3531;1.78;287.855;1.53;1.38;1.72;316.763;1.1
04/2003;0.97;2.8898;1.87;290.512;0.92;0.81;0.8;319.305;1.28
05/2003;0.61;2.9656;1.97;289.747;-0.26;2.98;-1.11;315.749;0.83
06/2003;-0.15;2.872;1.86;286.843;-1.0;0.74;-1.67;310.47;0.1
07/2003;0.2;2.9655;2.08;285.649;-0.42;0.59;-0.75;308.141;0.07
08/2003;0.34;2.9665;1.77;286.735;0.38;2.2;0.2;308.752;0.18
09/2003;0.78;2.9234;1.68;290.127;1.18;0.24;1.54;313.511;0.63
10/2003;0.29;2.8562;1.64;291.229;0.38;0.47;0.36;314.646;0.39
11/2003;0.34;2.9494;1.34;292.657;0.49;0.42;0.57;316.45;0.31
12/2003;0.52;2.8892;1.37;294.455;0.61;0.99;0.64;318.475;0.41
01/2004;0.76;2.9409;1.27;297.039;0.88;0.28;0.98;321.59;0.84
02/2004;0.61;2.9138;1.08;299.097;0.69;0.48;0.79;324.128;0.53
03/2004;0.47;2.9086;1.38;302.484;1.13;1.59;1.33;328.441;0.46
04/2004;0.37;2.9447;1.18;306.151;1.21;0.6;1.65;333.871;0.31
05/2004;0.51;3.1291;1.23;310.152;1.31;1.74;1.52;338.955;0.59
06/2004;0.71;3.1075;1.23;314.419;1.38;0.56;1.73;344.816;0.76
07/2004;0.91;3.0268;1.29;318.532;1.31;1.12;1.58;350.256;0.67
08/2004;0.69;2.9338;1.29;322.412;1.22;0.9;1.42;355.227;0.8
09/2004;0.33;2.8586;1.25;324.651;0.69;0.67;0.9;358.427;0.15
10/2004;0.44;2.8565;1.21;325.925;0.39;0.95;0.44;360.011;0.05
11/2004;0.69;2.7307;1.25;328.588;0.82;0.94;0.99;363.584;0.3
12/2004;0.86;2.6544;1.48;331.005;0.74;0.61;0.81;366.533;0.58
01/2005;0.58;2.6248;1.38;332.298;0.39;0.7;0.2;367.257;0.8
02/2005;0.59;2.595;1.22;333.288;0.3;0.42;0.2;368.001;0.51
03/2005;0.61;2.6662;1.53;336.123;0.85;0.71;0.94;371.46;0.66
04/2005;0.87;2.5313;1.41;339.03;0.86;0.38;0.96;375.009;0.8
05/2005;0.49;2.4038;1.5;338.299;-0.22;0.54;-0.77;372.106;1.02
06/2005;-0.02;2.3504;1.59;336.801;-0.44;2.2;-1.0;368.376;0.05
07/2005;0.25;2.3905;1.51;335.663;-0.34;0.65;-0.65;365.968;0.12
08/2005;0.17;2.3637;1.66;333.474;-0.65;0.05;-0.88;362.739;-0.32
09/2005;0.35;2.2222;1.5;331.69;-0.53;0.06;-0.76;359.967;-0.17
10/2005;0.75;2.2543;1.41;333.694;0.6;0.28;0.72;362.566;0.42
11/2005;0.55;2.207;1.38;335.033;0.4;0.29;0.4;364.002;0.46
12/2005;0.36;2.3407;1.47;335.006;-0.01;0.38;-0.27;363.028;0.52
01/2006;0.59;2.216;1.43;338.083;0.92;0.24;1.1;367.039;0.7
02/2006;0.41;2.1355;1.15;338.128;0.01;0.28;-0.06;366.804;0.11
03/2006;0.43;2.1724;1.42;337.339;-0.23;0.23;-0.48;365.058;0.22
04/2006;0.21;2.0892;1.08;335.921;-0.42;0.21;-0.77;362.265;0.22
05/2006;0.1;2.3005;1.28;337.185;0.38;0.81;0.43;363.827;0.07
06/2006;-0.21;2.1643;1.18;339.712;0.75;1.45;1.11;367.852;-0.44
07/2006;0.19;2.1762;1.17;340.312;0.18;0.57;0.21;368.638;-0.08
08/2006;0.05;2.1388;1.26;341.574;0.37;0.35;0.46;370.351;0.13
09/2006;0.21;2.1742;1.06;342.561;0.29;0.09;0.36;371.698;0.18
10/2006;0.33;2.143;1.09;344.155;0.47;0.18;0.65;374.104;0.1
11/2006;0.31;2.1668;1.02;346.746;0.75;0.23;1.02;377.909;0.27
12/2006;0.48;2.138;0.99;347.842;0.32;0.3;0.29;379.0;0.39
01/2007;0.44;2.1247;1.08;349.593;0.5;0.45;0.4;380.498;0.81
02/2007;0.44;2.1182;0.87;350.524;0.27;0.26;0.21;381.281;0.43
03/2007;0.37;2.0504;1.05;351.717;0.34;0.17;0.33;382.52;0.45
04/2007;0.25;2.0339;0.94;351.869;0.04;0.43;-0.14;381.978;0.37
05/2007;0.28;1.9289;1.03;352.02;0.04;0.55;-0.09;381.623;0.2
06/2007;0.28;1.9262;0.91;352.936;0.26;1.67;0.01;381.652;0.35
07/2007;0.24;1.8776;0.97;353.92;0.28;0.21;0.26;382.663;0.34
08/2007;0.47;1.962;0.99;357.404;0.98;0.35;1.31;387.684;0.39
09/2007;0.18;1.8389;0.8;361.997;1.29;0.39;1.83;394.796;0.21
10/2007;0.3;1.744;0.93;365.794;1.05;0.49;1.42;400.413;0.28
11/2007;0.38;1.7837;0.84;368.334;0.69;0.48;0.97;404.293;0.04
12/2007;0.74;1.7713;0.84;374.815;1.76;0.43;2.36;413.838;0.67
01/2008;0.54;1.7603;0.93;378.9;1.09;0.41;1.24;418.951;0.96
02/2008;0.49;1.6833;0.8;380.906;0.53;0.43;0.64;421.637;0.26
03/2008;0.48;1.7491;0.84;383.731;0.74;0.59;0.96;425.692;0.19
04/2008;0.55;1.6872;0.9;386.38;0.69;0.82;0.65;428.446;0.76
05/2008;0.79;1.6294;0.88;392.592;1.61;1.1;2.01;437.076;0.68
06/2008;0.74;1.5919;0.96;400.382;1.98;2.67;2.27;446.997;0.89
07/2008;0.53;1.5666;1.07;407.446;1.76;1.42;2.2;456.843;0.65
08/2008;0.28;1.6344;1.02;406.127;-0.32;1.27;-0.74;453.457;0.23
09/2008;0.26;1.9143;1.1;406.557;0.11;0.95;0.04;453.642;-0.06
10/2008;0.45;2.1153;1.18;410.524;0.98;0.85;1.24;459.286;0.25
11/2008;0.36;2.3331;1.02;412.104;0.38;0.65;0.3;460.656;0.52
12/2008;0.28;2.337;1.12;411.575;-0.13;0.22;-0.42;458.704;0.58
01/2009;0.48;2.3162;1.05;409.782;-0.44;0.26;-0.95;454.348;0.75
02/2009;0.55;2.3784;0.86;410.849;0.26;0.35;0.2;455.254;0.4
03/2009;0.2;2.3152;0.97;407.808;-0.74;-0.17;-1.24;449.612;0.43
04/2009;0.48;2.1783;0.84;407.181;-0.15;-0.01;-0.44;447.644;0.58
05/2009;0.47;1.973;0.77;406.885;-0.07;0.25;-0.3;446.296;0.42
06/2009;0.36;1.9516;0.76;406.486;-0.1;1.53;-0.45;444.299;0.17
07/2009;0.24;1.8726;0.79;404.718;-0.43;0.37;-0.85;440.538;0.34
08/2009;0.15;1.8864;0.69;403.253;-0.36;0.01;-0.61;437.834;0.16
09/2009;0.24;1.7781;0.69;404.945;0.42;0.07;0.53;440.137;0.28
10/2009;0.28;1.744;0.69;405.129;0.05;0.13;0.04;440.301;0.03
11/2009;0.41;1.7505;0.66;405.548;0.1;0.18;0.08;440.633;0.14
12/2009;0.37;1.7412;0.73;404.499;-0.26;0.2;-0.5;438.409;0.2
01/2010;0.75;1.8748;0.66;407.049;0.63;0.52;0.51;440.644;1.0
02/2010;0.78;1.811;0.59;411.843;1.18;0.35;1.42;446.906;0.88
03/2010;0.52;1.781;0.76;415.734;0.94;0.45;1.07;451.673;0.83
04/2010;0.57;1.7306;0.67;418.917;0.77;1.17;0.72;454.912;0.73
05/2010;0.43;1.8167;0.75;423.885;1.19;0.93;1.49;461.683;0.49
06/2010;0.0;1.8015;0.79;427.489;0.85;1.77;1.09;466.708;-0.18
07/2010;0.01;1.7572;0.86;428.15;0.15;0.62;0.2;467.647;-0.17
08/2010;0.04;1.756;0.89;431.445;0.77;0.22;1.24;473.428;-0.27
09/2010;0.45;1.6942;0.85;436.423;1.15;0.2;1.6;480.998;0.34
10/2010;0.75;1.7014;0.81;440.829;1.01;0.15;1.3;487.261;0.56
11/2010;0.83;1.7161;0.81;447.206;1.45;0.36;1.84;496.219;0.81
12/2010;0.63;1.6662;0.93;450.301;0.69;0.59;0.63;499.341;0.92
01/2011;0.83;1.6734;0.86;453.875;0.79;0.37;0.76;503.115;1.08
02/2011;0.8;1.6612;0.84;458.397;1.0;0.39;1.2;509.166;0.67
03/2011;0.79;1.6287;0.92;461.249;0.62;0.44;0.65;512.468;0.62
04/2011;0.77;1.5733;0.84;463.311;0.45;0.75;0.29;513.934;0.78
05/2011;0.47;1.5799;0.99;465.311;0.43;2.03;0.03;514.071;0.9
06/2011;0.15;1.5611;0.96;464.463;-0.18;1.43;-0.45;511.759;-0.12
07/2011;0.16;1.5563;0.97;463.927;-0.12;0.59;-0.22;510.627;-0.13
08/2011;0.37;1.5872;1.07;465.968;0.44;0.16;0.57;513.523;0.21
09/2011;0.53;1.8544;0.94;468.975;0.65;0.14;0.74;517.344;0.59
10/2011;0.43;1.6885;0.88;471.466;0.53;0.2;0.68;520.849;0.26
11/2011;0.52;1.8109;0.86;473.808;0.5;0.5;0.52;523.561;0.43
12/2011;0.5;1.8758;0.91;473.252;-0.12;0.35;-0.48;521.035;0.71
01/2012;0.56;1.7391;0.89;474.429;0.25;0.67;-0.07;520.647;0.97
02/2012;0.45;1.7092;0.75;474.138;-0.06;0.42;-0.26;519.308;0.27
03/2012;0.21;1.8221;0.82;476.166;0.43;0.37;0.42;521.478;0.48
04/2012;0.64;1.8918;0.71;480.229;0.85;0.83;0.97;526.519;0.55
05/2012;0.36;2.0223;0.74;485.14;1.02;1.3;1.17;532.689;0.49
06/2012;0.08;2.0213;0.64;488.342;0.66;1.31;0.74;536.606;0.17
07/2012;0.43;2.0499;0.68;494.891;1.34;0.85;1.81;546.315;0.25
08/2012;0.41;2.0372;0.69;501.957;1.43;0.32;1.99;557.18;0.33
09/2012;0.57;2.0306;0.54;506.804;0.97;0.21;1.25;564.133;0.49
10/2012;0.59;2.0313;0.61;506.926;0.02;0.24;-0.2;563.007;0.58
11/2012;0.6;2.1074;0.55;506.795;-0.03;0.23;-0.19;561.939;0.33
12/2012;0.79;2.0435;0.55;510.252;0.68;0.29;0.73;566.018;0.73
01/2013;0.86;1.9883;0.6;511.977;0.34;0.39;0.11;566.622;0.98
02/2013;0.6;1.9754;0.49;513.467;0.29;0.8;0.21;567.808;0.3
03/2013;0.47;2.0138;0.55;514.526;0.21;0.28;0.01;567.892;0.72
04/2013;0.55;2.0017;0.61;515.276;0.15;0.84;-0.12;567.204;0.6
05/2013;0.37;2.1319;0.6;515.299;0.0;1.24;-0.3;565.478;0.33
06/2013;0.26;2.2156;0.61;519.153;0.75;1.96;0.68;569.345;0.39
07/2013;0.03;2.2903;0.72;520.508;0.26;0.73;0.3;571.066;-0.07
08/2013;0.24;2.3725;0.71;521.27;0.15;0.31;0.14;571.858;0.09
09/2013;0.35;2.23;0.71;529.085;1.5;0.43;2.11;583.926;0.27
10/2013;0.57;2.2026;0.81;533.621;0.86;0.33;1.09;590.309;0.43
11/2013;0.54;2.3249;0.72;535.168;0.29;0.27;0.17;591.291;0.65
12/2013;0.92;2.3426;0.79;538.37;0.6;0.22;0.63;595.0;0.69
01/2014;0.55;2.4263;0.85;540.959;0.48;0.7;0.31;596.851;0.87
02/2014;0.69;2.3334;0.79;543.038;0.38;0.44;0.27;598.439;0.7
03/2014;0.92;2.263;0.77;552.087;1.67;0.22;2.2;611.583;0.82
04/2014;0.67;2.236;0.82;556.42;0.78;0.67;0.79;616.426;0.82
05/2014;0.46;2.239;0.87;555.679;-0.13;1.37;-0.65;612.413;0.68
06/2014;0.4;2.2025;0.82;551.554;-0.74;1.25;-1.44;603.594;0.34
07/2014;0.01;2.2674;0.95;548.202;-0.61;0.8;-1.11;596.893;0.15
08/2014;0.25;2.2396;0.87;546.745;-0.27;0.19;-0.45;594.223;0.02
09/2014;0.57;2.451;0.91;547.839;0.2;0.16;0.13;594.97;0.42
10/2014;0.42;2.4442;0.95;549.396;0.28;0.2;0.23;596.362;0.46
11/2014;0.51;2.5601;0.84;554.769;0.98;0.3;1.26;603.849;0.53
12/2014;0.78;2.6562;0.96;558.213;0.62;0.25;0.63;607.656;0.76
01/2015;1.24;2.6623;0.94;562.482;0.76;0.7;0.56;611.074;1.35
02/2015;1.22;2.8782;0.82;564.004;0.27;0.5;-0.09;610.537;1.14
03/2015;1.32;3.208;1.04;569.536;0.98;0.36;0.92;616.157;1.42
04/2015;0.71;2.9936;0.95;576.175;1.17;0.65;1.41;624.833;0.75
05/2015;0.74;3.1788;0.99;578.516;0.41;0.45;0.3;626.699;0.68
06/2015;0.79;3.1026;1.07;582.401;0.67;1.87;0.41;629.294;0.83
07/2015;0.62;3.394;1.18;586.426;0.69;0.66;0.73;633.876;0.6
08/2015;0.22;3.6467;1.11;588.042;0.28;0.8;0.2;635.144;0.24
09/2015;0.54;3.9729;1.11;593.606;0.95;0.22;1.3;643.419;0.32
10/2015;0.82;3.8589;1.11;604.832;1.89;0.27;2.63;660.312;0.64
11/2015;1.01;3.8506;1.06;614.051;1.52;0.4;1.93;673.085;0.9
12/2015;0.96;3.9048;1.16;617.044;0.49;0.12;0.39;675.712;0.92
01/2016;1.27;4.0428;1.06;624.06;1.14;0.32;1.14;683.436;1.48
02/2016;0.9;3.9796;1.0;632.114;1.29;0.52;1.45;693.34;1.19
03/2016;0.43;3.5589;1.16;635.349;0.51;0.79;0.44;696.424;0.58
04/2016;0.61;3.4508;1.06;637.434;0.33;0.41;0.29;698.462;0.39
05/2016;0.78;3.5951;1.11;642.651;0.82;0.19;0.98;705.311;0.65
06/2016;0.35;3.2098;1.16;653.496;1.69;1.52;2.21;720.875;0.33
07/2016;0.52;3.239;1.11;654.641;0.18;1.09;-0.01;720.819;0.29
08/2016;0.44;3.2403;1.22;655.602;0.15;0.26;0.04;721.104;0.4
09/2016;0.08;3.2462;1.11;656.894;0.2;0.37;0.18;722.424;0.16
10/2016;0.26;3.1811;1.05;657.927;0.16;0.17;0.15;723.496;0.17
11/2016;0.18;3.3967;1.04;657.752;-0.03;0.17;-0.16;722.33;0.26
12/2016;0.3;3.2591;1.12;661.304;0.54;0.36;0.69;727.325;0.2
01/2017;0.38;3.127;1.09;665.542;0.64;0.29;0.7;732.383;0.64
02/2017;0.33;3.0993;0.87;666.099;0.08;0.53;-0.09;731.691;0.39
03/2017;0.25;3.1684;1.05;666.197;0.01;0.36;-0.17;730.425;0.38
04/2017;0.14;3.1984;0.79;658.898;-1.1;-0.08;-1.77;717.493;0.33
05/2017;0.31;3.2437;0.93;652.758;-0.93;0.13;-1.56;706.335;0.29
06/2017;-0.23;3.3082;0.81;648.409;-0.67;1.36;-1.22;697.723;-0.08
07/2017;0.24;3.1307;0.8;643.766;-0.72;0.22;-1.16;689.617;0.04
08/2017;0.19;3.1471;0.8;644.383;0.1;0.4;-0.05;689.288;0.33
09/2017;0.16;3.168;0.64;647.4;0.47;0.14;0.74;694.397;-0.09
10/2017;0.42;3.2769;0.64;648.672;0.2;0.19;0.16;695.539;0.28
11/2017;0.28;3.2616;0.57;652.073;0.52;0.28;0.66;700.12;0.28
12/2017;0.44;3.308;0.54;657.859;0.89;0.14;1.24;708.797;0.3
01/2018;0.29;3.1624;0.58;662.826;0.76;0.28;0.91;715.235;0.56
02/2018;0.32;3.2449;0.47;663.311;0.07;0.14;-0.02;715.108;0.28
03/2018;0.09;3.3238;0.53;667.524;0.64;0.23;0.89;721.488;0.14
04/2018;0.22;3.4811;0.52;671.327;0.57;0.28;0.71;726.636;0.31
05/2018;0.4;3.737;0.52;680.579;1.38;0.3;1.97;740.981;0.26
06/2018;1.26;3.8558;0.52;693.287;1.87;0.76;2.33;758.269;1.09
07/2018;0.33;3.7549;0.54;696.8;0.51;0.72;0.5;762.046;0.44
08/2018;-0.09;4.1353;0.57;701.677;0.7;0.3;1.0;769.663;0.05
09/2018;0.48;4.0039;0.47;712.373;1.52;0.17;2.19;786.501;0.28
10/2018;0.45;3.7177;0.54;718.684;0.89;0.33;1.11;795.192;0.51
11/2018;-0.21;3.8633;0.49;715.166;-0.49;0.26;-0.81;788.774;0.09
12/2018;0.15;3.8748;0.49;707.441;-1.08;0.13;-1.67;775.633;0.04
01/2019;0.32;3.6519;0.54;707.488;0.01;0.4;-0.26;773.593;0.58
02/2019;0.43;3.7385;0.49;713.747;0.88;0.19;1.22;783.045;0.26
03/2019;0.75;3.8967;0.47;722.707;1.26;0.19;1.67;796.106;0.58
04/2019;0.57;3.9453;0.52;729.346;0.92;0.49;1.07;804.612;0.69
05/2019;0.13;3.9407;0.54;732.595;0.45;0.09;0.54;808.923;0.35
06/2019;0.01;3.8322;0.47;738.421;0.8;0.44;1.16;818.268;-0.07
07/2019;0.19;3.7649;0.57;741.346;0.4;0.91;0.4;821.537;0.16
08/2019;0.11;4.1385;0.5;736.402;-0.67;0.34;-1.14;812.21;0.23
09/2019;-0.04;4.1644;0.46;736.362;-0.01;0.6;-0.09;811.493;-0.04
10/2019;0.1;4.0041;0.48;741.333;0.68;0.12;1.02;819.757;-0.05
11/2019;0.51;4.224;0.38;743.558;0.3;0.15;0.36;822.699;0.2
12/2019;1.15;4.0307;0.37;759.112;2.09;0.14;2.84;846.036;0.84
01/2020;0.21;4.2695;0.38;762.733;0.48;0.26;0.5;850.239;0.52
02/2020;0.25;4.4987;0.29;762.423;-0.04;0.35;-0.19;848.644;0.21
03/2020;0.07;5.1987;0.34;771.908;1.24;0.38;1.76;863.622;0.12
04/2020;-0.31;5.427;0.28;778.101;0.8;0.18;1.12;873.323;0.13
05/2020;-0.38;5.4263;0.24;780.28;0.28;0.21;0.59;878.455;-0.6
06/2020;0.26;5.476;0.21;792.429;1.56;0.32;2.25;898.183;0.04
07/2020;0.36;5.2033;0.19;810.083;2.23;0.84;3.0;925.091;0.49
08/2020;0.24;5.4713;0.16;832.313;2.74;0.82;3.74;959.662;0.48
09/2020;0.64;5.6407;0.16;868.442;4.34;1.15;5.92;1016.468;0.64
10/2020;0.86;5.7718;0.16;896.505;3.23;1.69;4.15;1058.671;0.77
11/2020;0.89;5.3317;0.15;925.887;3.28;1.29;4.26;1103.719;0.72
12/2020;1.35;5.1967;0.16;934.758;0.96;0.88;0.9;1113.635;1.21
01/2021;0.25;5.4759;0.15;958.844;2.58;0.93;3.38;1151.23;0.41
02/2021;0.86;5.5302;0.13;983.063;2.53;1.07;3.28;1189.028;0.35
03/2021;0.93;5.6973;0.2;1011.948;2.94;2.0;3.56;1231.299;0.98
04/2021;0.31;5.4036;0.21;1027.211;1.51;0.95;1.84;1253.981;0.44
05/2021;0.83;5.2322;0.27;1069.289;4.1;1.8;5.23;1319.571;0.61
06/2021;0.53;5.0022;0.31;1075.733;0.6;2.3;0.42;1325.064;0.57
07/2021;0.96;5.1216;0.36;1084.095;0.78;1.24;0.71;1334.482;0.83
08/2021;0.87;5.1433;0.43;1091.29;0.66;0.56;0.66;1343.224;0.75
09/2021;1.16;5.4394;0.44;1084.312;-0.64;0.56;-1.21;1326.913;1.19
10/2021;1.25;5.643;0.49;1091.283;0.64;0.8;0.53;1333.895;1.05
11/2021;0.95;5.6199;0.59;1091.483;0.02;0.71;-0.29;1330.065;0.93
12/2021;0.73;5.5805;0.77;1100.988;0.87;0.3;0.95;1342.671;0.84
01/2022;0.54;5.3574;0.73;1120.999;1.82;0.64;2.3;1373.599;0.42
02/2022;1.01;5.1394;0.76;1141.546;1.83;0.48;2.36;1405.969;0.33
03/2022;1.62;4.7378;0.93;1161.418;1.74;0.73;2.07;1435.019;0.86
04/2022;1.06;4.9191;0.83;1177.809;1.41;0.87;1.45;1455.762;1.53
05/2022;0.47;4.7289;1.03;1183.953;0.52;1.49;0.45;1462.347;0.35
06/2022;0.67;5.238;1.02;1190.882;0.59;2.81;0.3;1466.769;0.71
07/2022;-0.68;5.1884;1.03;1193.337;0.21;1.16;0.21;1469.847;-0.28
08/2022;-0.36;5.179;1.17;1185.004;-0.7;0.33;-0.71;1459.457;-1.18
09/2022;-0.29;5.4066;1.07;1173.793;-0.95;0.1;-1.27;1440.87;-0.08
10/2022;0.59;5.257;1.02;1162.391;-0.97;0.04;-1.44;1420.103;0.5
11/2022;0.41;5.2941;1.02;1155.829;-0.56;0.14;-0.94;1406.723;0.64
12/2022;0.62;5.2177;1.12;1161.006;0.45;0.27;0.47;1413.363;0.44
01/2023;0.53;5.0993;1.12;1163.465;0.21;0.32;0.1;1414.812;0.61
02/2023;0.84;5.2078;0.92;1162.761;-0.06;0.21;-0.2;1411.929;0.38
03/2023;0.71;5.0804;1.17;1163.359;0.05;0.18;-0.12;1410.301;0.66
04/2023;0.61;5.0007;0.92;1152.307;-0.95;0.23;-1.45;1389.859;0.46
05/2023;0.23;5.0959;1.12;1131.058;-1.84;0.4;-2.72;1352.044;0.48
06/2023;-0.08;4.8192;1.07;1109.23;-1.93;0.85;-2.73;1315.07;-0.25
07/2023;0.12;4.7415;1.07;1101.204;-0.72;0.06;-1.05;1301.199;0.11
08/2023;0.23;4.9219;1.14;1099.71;-0.14;0.24;-0.17;1298.948;-0.19
09/2023;0.26;5.0076;0.97;1103.74;0.37;0.24;0.41;1304.273;0.27
10/2023;0.24;5.0575;1.0;1109.236;0.5;0.2;0.6;1312.128;0.27
11/2023;0.28;4.9355;0.92;1115.815;0.59;0.1;0.71;1321.405;0.42
12/2023;0.56;4.8413;0.89;1124.072;0.74;0.26;0.97;1334.199;0.14
01/2024;0.42;4.9535;0.97;1124.879;0.07;0.23;-0.09;1333.029;0.59
02/2024;0.83;4.9833;0.8;1119.061;-0.52;0.2;-0.9;1321.063;0.53
03/2024;0.16;4.9962;0.83;1113.837;-0.47;0.24;-0.77;1310.879;0.29
04/2024;0.38;5.1718;0.89;1117.28;0.31;0.41;0.29;1314.715;0.32
05/2024;0.46;5.2416;0.83;1127.233;0.89;0.59;1.06;1328.633;0.44
06/2024;0.21;5.5589;0.79;1136.409;0.81;0.93;0.89;1340.519;0.46
07/2024;0.38;5.6621;0.91;1143.313;0.61;0.69;0.68;1349.622;0.3
08/2024;-0.02;5.6562;0.87;1146.575;0.29;0.64;0.29;1353.52;0.09
09/2024;0.44;5.4481;0.84;1153.718;0.62;0.61;0.7;1363.06;0.33
10/2024;0.56;5.7779;0.93;1171.272;1.52;0.67;1.94;1389.479;0.42
11/2024;0.39;6.0535;0.79;1186.462;1.3;0.44;1.74;1413.715;0.07
12/2024;0.52;6.1923;0.93;1197.562;0.94;0.51;1.21;1430.805;0.12
01/2025;0.16;5.8301;1.01;1200.775;0.27;0.71;0.24;1434.264;0.14
02/2025;1.31;5.8488;0.99;1213.514;1.06;0.51;1.17;1451.099;0.91
03/2025;0.56;5.7422;0.96;1209.432;-0.34;0.38;-0.73;1440.536;0.8
04/2025;0.43;5.6608;1.06;1212.296;0.24;0.59;0.13;1442.407;0.46
05/2025;0.26;5.7087;1.14;1206.378;-0.49;0.26;-0.82;1430.608;0.37
06/2025;0.24;5.4571;1.1;1186.259;-1.67;0.96;-2.53;1394.363;0.22
07/2025;0.26;5.6021;1.28;1177.168;-0.77;0.91;-1.29;1376.369;0.27
08/2025;-0.11;5.4264;1.16;1181.369;0.36;0.7;0.43;1382.225;-0.07
09/2025;0.48;5.3186;1.22;1186.283;0.42;0.21;0.49;1389.021;0.25
10/2025;0.09;5.3843;1.28;1182.005;-0.36;0.21;-0.59;1380.834;0.16
11/2025;0.18;5.3338;1.05;1185.175;0.27;0.28;0.27;1384.592;0.25
12/2025;0.33;5.5024;1.22;1184.998;-0.01;0.21;-0.12;1382.939;0.24
01/2026;0.33;5.2301;1.16;1189.82;0.41;0.63;0.34;1387.697;0.51
02/2026;0.7;5.1495;1.0;1181.152;-0.73;0.34;-1.18;1371.378;0.3
03/2026;0.88;5.2194;1.21;1187.302;0.52;0.36;0.61;1379.705;0.3
04/2026;0.67;4.9886;1.09;1219.678;2.73;1.04;3.49;1427.82;0.94
05/2026;0.58;5.0569;1.07;1229.904;0.84;0.77;0.91;1440.847;0.61
Fonte;IBGE;Sisbacen PTAX800;BCB-Demab;FGV;FGV;FGV;FGV;FGV;FGV
